3513b180-e98b-44aa-8215-b6dc1aad13ca,2021-04-16 08:37:29.832625,2021-04-16 09:05:32.553603,Midway Campground,"[{'"public_id'":'"projects/yelp/246890.0.9ffbfa6e-21d1-4be5-b796-be50b2732c6b'",'"url'":'"http://res.cloudinary.com/dmossrfdg/image/upload/v1618562249/projects/yelp/246890.0.9ffbfa6e-21d1-4be5-b796-be50b2732c6b.jpg'"},{'"public_id'":'"projects/yelp/246890.1.9a1c324d-38fc-46e1-9bbf-5b26813c6e83'",'"url'":'"http://res.cloudinary.com/dmossrfdg/image/upload/v1618562249/projects/yelp/246890.1.9a1c324d-38fc-46e1-9bbf-5b26813c6e83.jpg'"}]","{'"type'":'"Point'",'"coordinates'":['"25.8514976'",'"-80.9915045'"]}",31,0,0,"Burns Lake Campground offers lake views from every campsite. Offering direct backcountry access, this campground is the ideal place for hunters and off-road vehicle enthusiasts. ","52870 Tamiami Trail E, Ochopee, FL 34141",423af4e7-0e71-4a65-9fd2-56a4e66f67af
505b2b55-729b-4b6b-95fb-2b1361aee778,2021-04-16 08:37:29.948339,2021-04-16 09:05:32.562452,Canaveral National Seashore,"[{'"public_id'":'"projects/yelp/251575.0.1fe100a2-d8d4-4872-a5ff-f1a9b33cfd52'",'"url'":'"http://res.cloudinary.com/dmossrfdg/image/upload/v1618562249/projects/yelp/251575.0.1fe100a2-d8d4-4872-a5ff-f1a9b33cfd52.jpg'"},{'"public_id'":'"projects/yelp/251575.1.2c4bd4ee-5288-404a-bb7e-1efbec2c6781'",'"url'":'"http://res.cloudinary.com/dmossrfdg/image/upload/v1618562249/projects/yelp/251575.1.2c4bd4ee-5288-404a-bb7e-1efbec2c6781.jpg'"}]","{'"type'":'"Point'",'"coordinates'":['"28.7953098'",'"-80.7622834'"]}",16,0,0,Availability is released from ,"S Washington Ave, Titusville, FL 32796",423af4e7-0e71-4a65-9fd2-56a4e66f67af
4fe2a8aa-5a73-4df8-8a2c-ba67352cde8c,2021-04-16 08:37:29.866982,2021-04-16 09:05:32.563533,Kellettville Campground,"[{'"public_id'":'"projects/yelp/251959.0.3dcbc371-a9d2-492e-b98d-749baf003e44'",'"url'":'"http://res.cloudinary.com/dmossrfdg/image/upload/v1618562249/projects/yelp/251959.0.3dcbc371-a9d2-492e-b98d-749baf003e44.jpg'"},{'"public_id'":'"projects/yelp/251959.1.9321c588-e8a4-4d1d-a1d5-53f0849bef3a'",'"url'":'"http://res.cloudinary.com/dmossrfdg/image/upload/v1618562249/projects/yelp/251959.1.9321c588-e8a4-4d1d-a1d5-53f0849bef3a.jpg'"}]","{'"type'":'"Point'",'"coordinates'":['"41.5423651'",'"-79.2596374'"]}",21,0,0,Can be booked through ,"The Branch Rd, Tionesta, PA 16353",423af4e7-0e71-4a65-9fd2-56a4e66f67af
f688c41c-9556-4c29-85f6-c8202b8d1c0b,2021-04-16 08:37:24.553891,2021-04-16 16:45:34.099574,Marion Forks Campground,"[{'"public_id'":'"projects/yelp/234200.0.4e030534-40b6-46d9-adb8-05fec57654b0'",'"url'":'"http://res.cloudinary.com/dmossrfdg/image/upload/v1618562244/projects/yelp/234200.0.4e030534-40b6-46d9-adb8-05fec57654b0.jpg'"},{'"public_id'":'"projects/yelp/234200.1.409a9dec-962e-4cf1-b802-21cfcc689e1a'",'"url'":'"http://res.cloudinary.com/dmossrfdg/image/upload/v1618562244/projects/yelp/234200.1.409a9dec-962e-4cf1-b802-21cfcc689e1a.jpg'"}]","{'"type'":'"Point'",'"coordinates'":['"44.5786111'",'"-121.6819109'"]}",10,0,0,"Marion Forks Campground and Day Use Area. Area Status: Temporarily ClosedThis area is Closed.Adjacent to the Marion Forks Fish Hatchery, Marion Forks Campground is a great 15 site (one pull through) campground tucked away from Highway 22 and a quiet place to relax.","Marion Forks, OR 97329",423af4e7-0e71-4a65-9fd2-56a4e66f67af
57080d6d-c53f-488b-9c16-30e94c7f3e36,2021-04-16 08:37:24.725518,2021-04-16 09:05:32.564629,Hiawatha National Forest,"[{'"public_id'":'"projects/yelp/232837.0.0f884d8e-e2b6-4074-84af-08595aa724d3'",'"url'":'"http://res.cloudinary.com/dmossrfdg/image/upload/v1618562244/projects/yelp/232837.0.0f884d8e-e2b6-4074-84af-08595aa724d3.jpg'"},{'"public_id'":'"projects/yelp/232837.1.e7ff6697-f660-405a-951d-33a320e991dc'",'"url'":'"http://res.cloudinary.com/dmossrfdg/image/upload/v1618562244/projects/yelp/232837.1.e7ff6697-f660-405a-951d-33a320e991dc.jpg'"}]","{'"type'":'"Point'",'"coordinates'":['"46.2325682'",'"-86.5103487'"]}",31,0,0,Availability is released from ,"Manistique, MI 49854",423af4e7-0e71-4a65-9fd2-56a4e66f67af
b41af5eb-a7ce-41e9-a882-494d7bbb3dc1,2021-04-16 08:37:24.749722,2021-04-16 09:05:32.570995,Fox Creek Group Campground,"[{'"public_id'":'"projects/yelp/233209.0.c0cab15f-3582-41fd-ac47-412f1723c63b'",'"url'":'"http://res.cloudinary.com/dmossrfdg/image/upload/v1618562244/projects/yelp/233209.0.c0cab15f-3582-41fd-ac47-412f1723c63b.jpg'"},{'"public_id'":'"projects/yelp/233209.1.92207a9c-d944-485f-b51f-eaa0305d5fac'",'"url'":'"http://res.cloudinary.com/dmossrfdg/image/upload/v1618562244/projects/yelp/233209.1.92207a9c-d944-485f-b51f-eaa0305d5fac.jpg'"}]","{'"type'":'"Point'",'"coordinates'":['"44.7832994'",'"-122.051883'"]}",39,0,0,"Fox Creek Group Camp is situated in a large, open area surrounded by dense forest near the point where Fox Creek flows into the Breitenbush River. Campers are sure to enjoy the variety of recreation like hiking, fishing and swimming. The group site accommodates tent campers plus RVs and trailers of any size.",Oregon,423af4e7-0e71-4a65-9fd2-56a4e66f67af
25caaca8-3ba1-49cd-ac77-64cf258623c3,2021-04-16 08:37:24.794373,2021-04-16 20:15:08.746587,South Jetty Sand Camping Access,"[{'"public_id'":'"projects/yelp/234195.0.fb496819-7b7a-41e6-93f0-fb05ec7c3aef'",'"url'":'"http://res.cloudinary.com/dmossrfdg/image/upload/v1618562244/projects/yelp/234195.0.fb496819-7b7a-41e6-93f0-fb05ec7c3aef.jpg'"},{'"public_id'":'"projects/yelp/234195.1.86ca50e6-7ddc-4c74-9962-6932cc56c712'",'"url'":'"http://res.cloudinary.com/dmossrfdg/image/upload/v1618562244/projects/yelp/234195.1.86ca50e6-7ddc-4c74-9962-6932cc56c712.jpg'"}]","{'"type'":'"Point'",'"coordinates'":['"43.955485'",'"-124.1330397'"]}",36,0,0,"South Jetty sand camping sites are located directly on the sand, dispersed along the coast and the Siltcoos River and must be accessed by 4X4 vehicles only. Standard sites accommodate up to 20 people and five vehicles. Two group sites accommodate up to 40 people and 10 vehicles.","Sand Dunes Rd, Florence, OR 97439",423af4e7-0e71-4a65-9fd2-56a4e66f67af
f1728da2-cfed-442b-9fd4-d598ff6b6d21,2021-04-16 08:37:24.952984,2021-04-16 09:05:32.555793,Soquel Campground,"[{'"public_id'":'"projects/yelp/232881.0.00d73dd8-2cbf-4df1-8d43-fe93d3e0b2af'",'"url'":'"http://res.cloudinary.com/dmossrfdg/image/upload/v1618562244/projects/yelp/232881.0.00d73dd8-2cbf-4df1-8d43-fe93d3e0b2af.jpg'"},{'"public_id'":'"projects/yelp/232881.1.ce3d7d36-c153-47bb-a81d-74900fa53aef'",'"url'":'"http://res.cloudinary.com/dmossrfdg/image/upload/v1618562244/projects/yelp/232881.1.ce3d7d36-c153-47bb-a81d-74900fa53aef.jpg'"}]","{'"type'":'"Point'",'"coordinates'":['"37.405'",'"-119.5627443'"]}",20,0,0,Soquel Campground consists of two loops on the banks of Willow Creek. The primitive sites are well-shaded by pine and fir trees and can accommodate small trailers and tents.,"Bass Lake, CA 93604",423af4e7-0e71-4a65-9fd2-56a4e66f67af
b81b38bb-832e-4ff4-8712-cd39cd32dccc,2021-04-16 08:37:24.960608,2021-04-16 09:05:32.556947,Quinn Meadow Horse Camp,"[{'"public_id'":'"projects/yelp/234289.0.da45b766-10ff-4ea5-92ec-dd5220a178ae'",'"url'":'"http://res.cloudinary.com/dmossrfdg/image/upload/v1618562244/projects/yelp/234289.0.da45b766-10ff-4ea5-92ec-dd5220a178ae.jpg'"},{'"public_id'":'"projects/yelp/234289.1.556fda64-90b3-47fc-9223-0e96915cc5ed'",'"url'":'"http://res.cloudinary.com/dmossrfdg/image/upload/v1618562244/projects/yelp/234289.1.556fda64-90b3-47fc-9223-0e96915cc5ed.jpg'"}]","{'"type'":'"Point'",'"coordinates'":['"43.9975291'",'"-121.7890709'"]}",19,0,0,Availability is released from ,"Bend, OR 97701",423af4e7-0e71-4a65-9fd2-56a4e66f67af
f3d2b384-b364-4b7c-b99a-3a7720a2a5b7,2021-04-16 08:37:24.969393,2021-04-16 09:05:32.558005,Hiawatha National Forest,"[{'"public_id'":'"projects/yelp/233652.0.b3d04734-a57e-44d4-86aa-fe1708324bd9'",'"url'":'"http://res.cloudinary.com/dmossrfdg/image/upload/v1618562244/projects/yelp/233652.0.b3d04734-a57e-44d4-86aa-fe1708324bd9.jpg'"},{'"public_id'":'"projects/yelp/233652.1.0e075eb2-f5cd-4da7-8fa0-6ca389359317'",'"url'":'"http://res.cloudinary.com/dmossrfdg/image/upload/v1618562244/projects/yelp/233652.1.0e075eb2-f5cd-4da7-8fa0-6ca389359317.jpg'"}]","{'"type'":'"Point'",'"coordinates'":['"46.2325682'",'"-86.5103487'"]}",34,0,0,"Tompkins Campground is on the north shore of Cowanesque Lake in the northern tier of Pennsylvania, less than one mile from the New York state border. 
","Manistique, MI 49854",423af4e7-0e71-4a65-9fd2-56a4e66f67af
e0f65e2d-0f32-4a03-9e01-12b297e3797e,2021-04-16 08:37:25.021224,2021-04-16 09:05:32.559061,Ortona South Lock Campground,"[{'"public_id'":'"projects/yelp/233570.0.57e3ad22-834c-4ac7-b962-173b71b167df'",'"url'":'"http://res.cloudinary.com/dmossrfdg/image/upload/v1618562244/projects/yelp/233570.0.57e3ad22-834c-4ac7-b962-173b71b167df.jpg'"},{'"public_id'":'"projects/yelp/233570.1.46f337d6-0223-48dc-8aca-e635945e6667'",'"url'":'"http://res.cloudinary.com/dmossrfdg/image/upload/v1618562244/projects/yelp/233570.1.46f337d6-0223-48dc-8aca-e635945e6667.jpg'"}]","{'"type'":'"Point'",'"coordinates'":['"26.7879295'",'"-81.3094778'"]}",34,0,0,Can be booked through ,"2410 Dalton Ln, Moore Haven, FL 33471",423af4e7-0e71-4a65-9fd2-56a4e66f67af
8b147ada-889f-410a-9f6f-d758f5f35b09,2021-04-16 08:37:25.056275,2021-04-16 09:05:32.559971,Alexander Springs Recreation Area,"[{'"public_id'":'"projects/yelp/234032.0.fe7cdfa8-34d6-4b72-ab3a-6e8e22ebb907'",'"url'":'"http://res.cloudinary.com/dmossrfdg/image/upload/v1618562244/projects/yelp/234032.0.fe7cdfa8-34d6-4b72-ab3a-6e8e22ebb907.jpg'"},{'"public_id'":'"projects/yelp/234032.1.bdbf8861-35ed-4f4b-b6e9-4ccf6b356399'",'"url'":'"http://res.cloudinary.com/dmossrfdg/image/upload/v1618562244/projects/yelp/234032.1.bdbf8861-35ed-4f4b-b6e9-4ccf6b356399.jpg'"}]","{'"type'":'"Point'",'"coordinates'":['"44.5786111'",'"-121.6819109'"]}",26,0,0,"Alexander Springs Recreation Area is located in the Ocala National Forest near the beautiful, turquoise waters of Alexander Springs. With forested scenery and abundant water, the recreation area offers camping, swimming, canoeing, scuba diving (for certified divers), hiking, birding and wildlife viewing.
","Marion Forks, OR 97329",423af4e7-0e71-4a65-9fd2-56a4e66f67af
be3f206f-dbd0-4017-8a0a-68a860af88e1,2021-04-16 08:37:24.819149,2021-04-16 09:05:32.561326,Hiawatha National Forest,"[{'"public_id'":'"projects/yelp/233309.0.6f057d9e-2cfc-4d7e-954c-c68af7a6bf76'",'"url'":'"http://res.cloudinary.com/dmossrfdg/image/upload/v1618562244/projects/yelp/233309.0.6f057d9e-2cfc-4d7e-954c-c68af7a6bf76.jpg'"},{'"public_id'":'"projects/yelp/233309.1.4050886c-52e5-4597-b364-e16440305d62'",'"url'":'"http://res.cloudinary.com/dmossrfdg/image/upload/v1618562244/projects/yelp/233309.1.4050886c-52e5-4597-b364-e16440305d62.jpg'"}]","{'"type'":'"Point'",'"coordinates'":['"46.2325682'",'"-86.5103487'"]}",34,0,0,"No advanced reservations available. Check back on Tue, February 15th 2022 to view availability.","Manistique, MI 49854",423af4e7-0e71-4a65-9fd2-56a4e66f67af
25389c0c-8c34-43b4-88dd-edcdf556f402,2021-04-16 08:37:25.089589,2021-04-16 09:05:32.566553,Winhall Brook Campground,"[{'"public_id'":'"projects/yelp/234033.0.86fe244b-14c2-48d8-a048-f44fea6b4a78'",'"url'":'"http://res.cloudinary.com/dmossrfdg/image/upload/v1618562244/projects/yelp/234033.0.86fe244b-14c2-48d8-a048-f44fea6b4a78.jpg'"},{'"public_id'":'"projects/yelp/234033.1.a0957e02-a3b3-4493-958a-431e29a7d75b'",'"url'":'"http://res.cloudinary.com/dmossrfdg/image/upload/v1618562244/projects/yelp/234033.1.a0957e02-a3b3-4493-958a-431e29a7d75b.jpg'"}]","{'"type'":'"Point'",'"coordinates'":['"43.1631557'",'"-72.8123966'"]}",30,0,0,"Clearwater Lake Recreation Area offers a quiet getaway along the southeastern edge of the Ocala National Forest, just outside the community of Paisley, Florida. With a shaded campground, day use picnic area, beach and a nature trail that winds through the pine woods and scrub around Clearwater Lake, this facility has plenty of activities to keep campers occupied.
","919 Winhall Station Rd, South Londonderry, VT 05155",423af4e7-0e71-4a65-9fd2-56a4e66f67af
68efee5b-a83c-4daf-96b0-3c903d442b4c,2021-04-16 08:37:24.926484,2021-04-16 09:05:32.572523,Windy Group Camp,"[{'"public_id'":'"projects/yelp/233113.0.aa684f26-82d1-4260-b232-e00d21f0e4db'",'"url'":'"http://res.cloudinary.com/dmossrfdg/image/upload/v1618562244/projects/yelp/233113.0.aa684f26-82d1-4260-b232-e00d21f0e4db.jpg'"},{'"public_id'":'"projects/yelp/233113.1.4672c95a-fbe8-42c3-8f70-a4908a945b42'",'"url'":'"http://res.cloudinary.com/dmossrfdg/image/upload/v1618562244/projects/yelp/233113.1.4672c95a-fbe8-42c3-8f70-a4908a945b42.jpg'"}]","{'"type'":'"Point'",'"coordinates'":['"43.4608333'",'"-122.0324665'"]}",16,0,0,Availability is released from ,"NF-60, Crescent, OR 97733",423af4e7-0e71-4a65-9fd2-56a4e66f67af
430dd764-e4ca-4376-af6e-e2a9b0710c37,2021-04-16 08:37:24.859087,2021-04-16 09:05:32.573377,Quinn Meadow Horse Camp,"[{'"public_id'":'"projects/yelp/233788.0.1d0b71d0-76d1-4373-acfc-f2d8386f58fd'",'"url'":'"http://res.cloudinary.com/dmossrfdg/image/upload/v1618562244/projects/yelp/233788.0.1d0b71d0-76d1-4373-acfc-f2d8386f58fd.jpg'"},{'"public_id'":'"projects/yelp/233788.1.75215141-3fee-405e-9e0a-968be3cbd549'",'"url'":'"http://res.cloudinary.com/dmossrfdg/image/upload/v1618562244/projects/yelp/233788.1.75215141-3fee-405e-9e0a-968be3cbd549.jpg'"}]","{'"type'":'"Point'",'"coordinates'":['"43.9975291'",'"-121.7890709'"]}",34,0,0,Availability is released from ,"Bend, OR 97701",423af4e7-0e71-4a65-9fd2-56a4e66f67af
c97abce7-cafc-499b-8870-701b22f5a680,2021-04-16 08:37:25.154407,2021-04-16 16:36:36.183272,Lake Shore Group Campground - Ocala National Forest,"[{'"public_id'":'"projects/yelp/234194.0.7dad78ae-e55e-430c-905b-f075a449339f'",'"url'":'"http://res.cloudinary.com/dmossrfdg/image/upload/v1618562244/projects/yelp/234194.0.7dad78ae-e55e-430c-905b-f075a449339f.jpg'"},{'"public_id'":'"projects/yelp/234194.1.1942b770-8098-4f4d-a3dd-90e42a9b62db'",'"url'":'"http://res.cloudinary.com/dmossrfdg/image/upload/v1618562244/projects/yelp/234194.1.1942b770-8098-4f4d-a3dd-90e42a9b62db.jpg'"}]","{'"type'":'"Point'",'"coordinates'":['"29.2745017'",'"-81.9150469'"]}",23,0,0,Can be booked through ,"8340 N E 147th Avenue Rd, Silver Springs, FL 34488",423af4e7-0e71-4a65-9fd2-56a4e66f67af
f0fcfc04-f17d-4194-8af4-902814735a19,2021-04-16 08:37:25.241052,2021-04-16 09:05:32.568751,Lake Shore Group Campground - Ocala National Forest,"[{'"public_id'":'"projects/yelp/234514.0.2352c5e3-1ddf-4439-b9e8-716e1414495c'",'"url'":'"http://res.cloudinary.com/dmossrfdg/image/upload/v1618562244/projects/yelp/234514.0.2352c5e3-1ddf-4439-b9e8-716e1414495c.jpg'"},{'"public_id'":'"projects/yelp/234514.1.062bc2b9-bb3e-4011-b4b6-36338ef19524'",'"url'":'"http://res.cloudinary.com/dmossrfdg/image/upload/v1618562244/projects/yelp/234514.1.062bc2b9-bb3e-4011-b4b6-36338ef19524.jpg'"}]","{'"type'":'"Point'",'"coordinates'":['"29.2745017'",'"-81.9150469'"]}",14,0,0,"Lake Shore Group Campground sits on the north shore of Fore Lake in Ocala National Forest. It is a favorite for scout, church and civic groups, as well as large families and reunions.","8340 N E 147th Avenue Rd, Silver Springs, FL 34488",423af4e7-0e71-4a65-9fd2-56a4e66f67af
1201067b-5d06-4e12-8379-a01eabc989b2,2021-04-16 08:37:25.312607,2021-04-16 09:05:32.569484,Rochester,"[{'"public_id'":'"projects/yelp/234193.0.461fd446-df47-443e-8613-c9a1bd85df06'",'"url'":'"http://res.cloudinary.com/dmossrfdg/image/upload/v1618562244/projects/yelp/234193.0.461fd446-df47-443e-8613-c9a1bd85df06.jpg'"},{'"public_id'":'"projects/yelp/234193.1.d9a1f147-0d30-455c-b4b4-d9689d35716e'",'"url'":'"http://res.cloudinary.com/dmossrfdg/image/upload/v1618562244/projects/yelp/234193.1.d9a1f147-0d30-455c-b4b4-d9689d35716e.jpg'"}]","{'"type'":'"Point'",'"coordinates'":['"44.5786111'",'"-121.6819109'"]}",37,0,0,Can be booked through ,"Marion Forks, OR 97329",423af4e7-0e71-4a65-9fd2-56a4e66f67af
7b8de3d4-db73-42b4-9af7-d4e50c95f19d,2021-04-16 08:37:25.329618,2021-04-16 16:41:58.805418,Doe Lake campsite,"[{'"public_id'":'"projects/yelp/234599.0.5609eb7b-7ab8-4d8a-b8af-71a3ecdb7e6c'",'"url'":'"http://res.cloudinary.com/dmossrfdg/image/upload/v1618562245/projects/yelp/234599.0.5609eb7b-7ab8-4d8a-b8af-71a3ecdb7e6c.jpg'"},{'"public_id'":'"projects/yelp/234599.1.502d57c3-0cd6-4198-a009-8c4bc808677d'",'"url'":'"http://res.cloudinary.com/dmossrfdg/image/upload/v1618562245/projects/yelp/234599.1.502d57c3-0cd6-4198-a009-8c4bc808677d.jpg'"}]","{'"type'":'"Point'",'"coordinates'":['"44.4855265'",'"-83.8026816'"]}",18,0,0,"Doe Lake is a group campsite with a variety of activities. Centered around a historic lodge with a large group kitchen, it''s an ideal place for major outdoor gatherings of up to 250 people. The site is a favorite among equestrian groups, but can also accommodate weddings and other social events.","Rollway Rd, Hale, MI 48739",423af4e7-0e71-4a65-9fd2-56a4e66f67af
bc840893-9281-4298-bc8b-5232b14ea89b,2021-04-16 08:37:25.346797,2021-04-16 09:05:32.5741,Tionesta Recreation Area Campground,"[{'"public_id'":'"projects/yelp/233573.0.15913d44-7328-4230-b93a-600b1d9d6fac'",'"url'":'"http://res.cloudinary.com/dmossrfdg/image/upload/v1618562244/projects/yelp/233573.0.15913d44-7328-4230-b93a-600b1d9d6fac.jpg'"},{'"public_id'":'"projects/yelp/233573.1.13409ede-c460-4e72-98b4-8487cf47dad8'",'"url'":'"http://res.cloudinary.com/dmossrfdg/image/upload/v1618562245/projects/yelp/233573.1.13409ede-c460-4e72-98b4-8487cf47dad8.jpg'"}]","{'"type'":'"Point'",'"coordinates'":['"41.4774608'",'"-79.4471758'"]}",37,0,0,Availability is released from ,"Tionesta Lake, Tionesta, PA 16353",423af4e7-0e71-4a65-9fd2-56a4e66f67af
335313b4-c2d1-4980-8bf6-c95106cd98da,2021-04-16 08:37:25.385648,2021-04-16 09:05:32.574813,Big Rock Group Campground,"[{'"public_id'":'"projects/yelp/234196.0.629854f6-646b-421f-b2de-a69b8aa1d5bf'",'"url'":'"http://res.cloudinary.com/dmossrfdg/image/upload/v1618562244/projects/yelp/234196.0.629854f6-646b-421f-b2de-a69b8aa1d5bf.jpg'"},{'"public_id'":'"projects/yelp/234196.1.1db24843-07b7-46bc-95b3-6212c8b6d13b'",'"url'":'"http://res.cloudinary.com/dmossrfdg/image/upload/v1618562245/projects/yelp/234196.1.1db24843-07b7-46bc-95b3-6212c8b6d13b.jpg'"}]","{'"type'":'"Point'",'"coordinates'":['"39.5125051'",'"-111.1576998'"]}",26,0,0,Can be booked through ,"Huntington, UT 84528",423af4e7-0e71-4a65-9fd2-56a4e66f67af
568cc898-2cb6-4964-9205-7ffb55409be5,2021-04-16 08:37:25.437399,2021-04-16 09:05:32.575526,Quinn Meadow Horse Camp,"[{'"public_id'":'"projects/yelp/234171.0.668da7f9-4126-4915-a5db-2efdf72c20e2'",'"url'":'"http://res.cloudinary.com/dmossrfdg/image/upload/v1618562245/projects/yelp/234171.0.668da7f9-4126-4915-a5db-2efdf72c20e2.jpg'"},{'"public_id'":'"projects/yelp/234171.1.29ee43e5-994d-4bb7-a2ad-a17a0014a065'",'"url'":'"http://res.cloudinary.com/dmossrfdg/image/upload/v1618562245/projects/yelp/234171.1.29ee43e5-994d-4bb7-a2ad-a17a0014a065.jpg'"}]","{'"type'":'"Point'",'"coordinates'":['"43.9975291'",'"-121.7890709'"]}",25,0,0,"Forks of Huntington Campground is located in beautiful Huntington Canyon, along the Huntington Canyon National Scenic Byway on Utah Highway 31. It is situated at an elevation of 7,600 feet. Many recreational activities are available, including hiking, biking and fishing.","Bend, OR 97701",423af4e7-0e71-4a65-9fd2-56a4e66f67af
7afc14e3-bca3-47df-a35f-3c2fd91d47cc,2021-04-16 08:37:25.509795,2021-04-16 09:05:32.576374,South Jetty Sand Camping Access,"[{'"public_id'":'"projects/yelp/234476.0.fb01fd82-ad94-4cd6-b959-17fe9249cb49'",'"url'":'"http://res.cloudinary.com/dmossrfdg/image/upload/v1618562244/projects/yelp/234476.0.fb01fd82-ad94-4cd6-b959-17fe9249cb49.jpg'"},{'"public_id'":'"projects/yelp/234476.1.c79b63f9-26bb-4fd5-8837-39c96e0809ad'",'"url'":'"http://res.cloudinary.com/dmossrfdg/image/upload/v1618562245/projects/yelp/234476.1.c79b63f9-26bb-4fd5-8837-39c96e0809ad.jpg'"}]","{'"type'":'"Point'",'"coordinates'":['"43.955485'",'"-124.1330397'"]}",13,0,0,"Potomac Group Campground and Day Use Area provides a primitive camping experience for groups of 8-40 people. It is an excellent site for family events and youth group activities. The facility is situated in a scenic area of New York, which makes for an exciting place to explore. A variety of recreational activities are available.","Sand Dunes Rd, Florence, OR 97439",423af4e7-0e71-4a65-9fd2-56a4e66f67af
8ad1811a-67ee-4f61-90ae-b5bf7fdd9739,2021-04-16 08:37:25.737345,2021-04-16 16:46:45.489032,Hiawatha National Forest,"[{'"public_id'":'"projects/yelp/233198.0.18cca264-996e-4fdf-bafc-4d3313df45a9'",'"url'":'"http://res.cloudinary.com/dmossrfdg/image/upload/v1618562245/projects/yelp/233198.0.18cca264-996e-4fdf-bafc-4d3313df45a9.jpg'"},{'"public_id'":'"projects/yelp/233198.1.b2fa621e-49c9-40ab-bb65-e951cac4fd28'",'"url'":'"http://res.cloudinary.com/dmossrfdg/image/upload/v1618562244/projects/yelp/233198.1.b2fa621e-49c9-40ab-bb65-e951cac4fd28.jpg'"}]","{'"type'":'"Point'",'"coordinates'":['"46.2325682'",'"-86.5103487'"]}",38,0,0,"Hiawatha National Forest is a 894,836-acre National Forest in the Upper Peninsula of the state of Michigan in the United States. Commercial logging is conducted in some areas.","Manistique, MI 49854",423af4e7-0e71-4a65-9fd2-56a4e66f67af
1cecdf4a-87d7-4bca-aad5-c867f94f2cab,2021-04-16 08:37:25.967965,2021-04-16 09:05:32.578519,Winhall Brook Campground,"[{'"public_id'":'"projects/yelp/233676.0.ffa47380-d7bd-4ebc-9a50-1eb95d61c829'",'"url'":'"http://res.cloudinary.com/dmossrfdg/image/upload/v1618562244/projects/yelp/233676.0.ffa47380-d7bd-4ebc-9a50-1eb95d61c829.jpg'"},{'"public_id'":'"projects/yelp/233676.1.013ee084-6c57-4a9c-a57a-2bec8ea8c473'",'"url'":'"http://res.cloudinary.com/dmossrfdg/image/upload/v1618562245/projects/yelp/233676.1.013ee084-6c57-4a9c-a57a-2bec8ea8c473.jpg'"}]","{'"type'":'"Point'",'"coordinates'":['"43.1631557'",'"-72.8123966'"]}",34,0,0,"Winhall Brook Camping Area is nestled in the Green Mountains of Vermont along Winhall Brook and the West River, seven miles from Ball Mountain Lake. 
  
The campground has strong appeal to the outdoorsman at heart, offering hiking, biking and fishing opportunities in a beautiful natural setting.","919 Winhall Station Rd, South Londonderry, VT 05155",423af4e7-0e71-4a65-9fd2-56a4e66f67af
74becd79-1e68-4b79-98df-6bfd1d0fea47,2021-04-16 08:37:29.324134,2021-04-16 09:05:32.579193,Lake Dorr Recreation Area,"[{'"public_id'":'"projects/yelp/234657.0.5cc7d903-6305-4c6d-96f5-9dc23c6f4ef6'",'"url'":'"http://res.cloudinary.com/dmossrfdg/image/upload/v1618562249/projects/yelp/234657.0.5cc7d903-6305-4c6d-96f5-9dc23c6f4ef6.jpg'"},{'"public_id'":'"projects/yelp/234657.1.4b72723c-3584-4c31-a585-ae6e2888011f'",'"url'":'"http://res.cloudinary.com/dmossrfdg/image/upload/v1618562249/projects/yelp/234657.1.4b72723c-3584-4c31-a585-ae6e2888011f.jpg'"}]","{'"type'":'"Point'",'"coordinates'":['"29.0143142'",'"-81.6378908'"]}",25,0,0,"Lake Dorr Cabin is set along the south shore of beautiful Lake Dorr, ideal for a family getaway. The cabin is open year-round and creates a great setting for plenty of outdoor water fun. The rental includes a private boat ramp, canoes and a fishing dock. It''s located just over an hour from popular amusement parks and other exciting attractions in Orlando. 
","19331 Dorrwood Ln, Altoona, FL 32702",423af4e7-0e71-4a65-9fd2-56a4e66f67af
6f252026-8c2c-40e0-8271-cc0532253151,2021-04-16 08:37:29.364702,2021-04-16 09:05:32.579872,Rochester,"[{'"public_id'":'"projects/yelp/234679.0.7484588e-8974-4762-a069-e68677fa9a4d'",'"url'":'"http://res.cloudinary.com/dmossrfdg/image/upload/v1618562249/projects/yelp/234679.0.7484588e-8974-4762-a069-e68677fa9a4d.jpg'"},{'"public_id'":'"projects/yelp/234679.1.bb42002a-53a8-44db-9b17-27abc675d0ef'",'"url'":'"http://res.cloudinary.com/dmossrfdg/image/upload/v1618562249/projects/yelp/234679.1.bb42002a-53a8-44db-9b17-27abc675d0ef.jpg'"}]","{'"type'":'"Point'",'"coordinates'":['"44.4855265'",'"-83.8026816'"]}",26,0,0,"South Branch Trail Campground Group Site is ideal for equestrian camping. The group area impresses with its beautiful scenery and convenient access to horseback riding and hiking along the 240-mile Michigan Shore-to-Shore Horseback Riding and Hiking Trail. Priority will be given to campers with horses, however everyone is welcome. The spacious site holds up to 250 campers and features a day-use horse parking area.","Rollway Rd, Hale, MI 48739",423af4e7-0e71-4a65-9fd2-56a4e66f67af
5121c3ff-a1b8-4fda-8bd4-e7578580df08,2021-04-16 08:37:29.531659,2021-04-16 09:05:32.580553,Midway Campground,"[{'"public_id'":'"projects/yelp/246892.0.4e420e86-c405-47f1-8092-13bd6885029b'",'"url'":'"http://res.cloudinary.com/dmossrfdg/image/upload/v1618562249/projects/yelp/246892.0.4e420e86-c405-47f1-8092-13bd6885029b.jpg'"},{'"public_id'":'"projects/yelp/246892.1.03000191-218b-4e9b-97d4-9eb92b55f66e'",'"url'":'"http://res.cloudinary.com/dmossrfdg/image/upload/v1618562249/projects/yelp/246892.1.03000191-218b-4e9b-97d4-9eb92b55f66e.jpg'"}]","{'"type'":'"Point'",'"coordinates'":['"25.8514976'",'"-80.9915045'"]}",36,0,0,"Midway Campground is a beautiful place where visitors can enjoy the surrounding preserve while sitting at their picnic table. Visitors may enjoy nearby activities such as fishing, hiking through the preserve, and exploring the many boardwalks. ","52870 Tamiami Trail E, Ochopee, FL 34141",423af4e7-0e71-4a65-9fd2-56a4e66f67af
531c9c3e-0074-46e6-b062-fb46760b2e4e,2021-04-16 08:37:29.555625,2021-04-16 09:05:32.581273,Camp Gateway - Sandy Hook,"[{'"public_id'":'"projects/yelp/234714.0.c36a1407-4d52-4f8c-ae55-f2b15470290a'",'"url'":'"http://res.cloudinary.com/dmossrfdg/image/upload/v1618562249/projects/yelp/234714.0.c36a1407-4d52-4f8c-ae55-f2b15470290a.jpg'"},{'"public_id'":'"projects/yelp/234714.1.a862e555-8d6b-4b4c-a8d3-289fae02b74a'",'"url'":'"http://res.cloudinary.com/dmossrfdg/image/upload/v1618562249/projects/yelp/234714.1.a862e555-8d6b-4b4c-a8d3-289fae02b74a.jpg'"}]","{'"type'":'"Point'",'"coordinates'":['"40.4616078'",'"-74.0063431'"]}",25,0,0,"Welcome to Gateway National Recreation Area, Sandy Hook Unit! There are a variety of cultural and recreational opportunities available at the park including history tours, living history demonstrations, hiking, birding, kayaking, camping, swimming, and biking.  Sandy Hook is known for its beautiful beaches, the Fort Hancock and Sandy Hook Proving Ground National Historic Landmark, and the country''s oldest continuing working lighthouse.","26 Hudson Rd, Highlands, NJ 07732",423af4e7-0e71-4a65-9fd2-56a4e66f67af
dd98d078-a3c0-4712-a125-2addd2f1f89c,2021-04-16 08:37:29.588027,2021-04-16 09:05:32.581955,NORTH HARTLAND LAKE BEACH (VT) (recgovnpsdata),"[{'"public_id'":'"projects/yelp/251044.0.e2a12146-e634-4da9-a2cd-be8326f4bacc'",'"url'":'"http://res.cloudinary.com/dmossrfdg/image/upload/v1618562249/projects/yelp/251044.0.e2a12146-e634-4da9-a2cd-be8326f4bacc.jpg'"},{'"public_id'":'"projects/yelp/251044.1.de79f5e5-9761-4028-b408-f89db68892b7'",'"url'":'"http://res.cloudinary.com/dmossrfdg/image/upload/v1618562249/projects/yelp/251044.1.de79f5e5-9761-4028-b408-f89db68892b7.jpg'"}]","{'"type'":'"Point'",'"coordinates'":['"43.5995917'",'"-72.3659415'"]}",23,0,0,"North Hartland Lake is a US Army Corps of Engineers day use facility located on the Ottauquechee River in North Hartland, VT. Close to the towns of Lebanon, New Hampshire, and Hartford, Vermont, North Hartland Lake is a popular destination for outdoor recreation in the Upper Valley.","North Hartland, VT 05052",423af4e7-0e71-4a65-9fd2-56a4e66f67af
fa22271a-198a-4393-9cef-88d1425b060d,2021-04-16 08:37:29.713033,2021-04-16 09:05:32.583393,Canaveral National Seashore,"[{'"public_id'":'"projects/yelp/251854.0.3dcffd94-f789-4274-9c65-dec14b2d0b96'",'"url'":'"http://res.cloudinary.com/dmossrfdg/image/upload/v1618562249/projects/yelp/251854.0.3dcffd94-f789-4274-9c65-dec14b2d0b96.jpg'"},{'"public_id'":'"projects/yelp/251854.1.2292a497-2d35-4d53-9903-a01b5d51759e'",'"url'":'"http://res.cloudinary.com/dmossrfdg/image/upload/v1618562249/projects/yelp/251854.1.2292a497-2d35-4d53-9903-a01b5d51759e.jpg'"}]","{'"type'":'"Point'",'"coordinates'":['"28.7953098'",'"-80.7622834'"]}",26,0,0,Can be booked through ,"S Washington Ave, Titusville, FL 32796",423af4e7-0e71-4a65-9fd2-56a4e66f67af
05e60851-33d8-49f3-acd9-38ad8503a18d,2021-04-16 08:37:29.726484,2021-04-16 09:05:32.584065,Canaveral National Seashore,"[{'"public_id'":'"projects/yelp/251431.0.6cf093d3-b219-4172-8399-971ff4338205'",'"url'":'"http://res.cloudinary.com/dmossrfdg/image/upload/v1618562249/projects/yelp/251431.0.6cf093d3-b219-4172-8399-971ff4338205.jpg'"},{'"public_id'":'"projects/yelp/251431.1.3f51f08b-dab0-4991-bbae-3c7c8ffe550e'",'"url'":'"http://res.cloudinary.com/dmossrfdg/image/upload/v1618562249/projects/yelp/251431.1.3f51f08b-dab0-4991-bbae-3c7c8ffe550e.jpg'"}]","{'"type'":'"Point'",'"coordinates'":['"28.7953098'",'"-80.7622834'"]}",10,0,0,"Oregon Inlet Campground is the northernmost campground on Cape Hatteras National Seashore. When camping here, you are within a short distance of the full service town of Nags Head to the north, and the world class fishing at Oregon Inlet to the south.","S Washington Ave, Titusville, FL 32796",423af4e7-0e71-4a65-9fd2-56a4e66f67af
111632f9-164c-4693-87df-5e2e1e9d1bc5,2021-04-16 08:37:29.823107,2021-04-16 09:05:32.587057,Hearts Content Recreation Area,"[{'"public_id'":'"projects/yelp/251943.0.c2dfdae8-ce63-46ad-8873-663c1ecced52'",'"url'":'"http://res.cloudinary.com/dmossrfdg/image/upload/v1618562249/projects/yelp/251943.0.c2dfdae8-ce63-46ad-8873-663c1ecced52.jpg'"},{'"public_id'":'"projects/yelp/251943.1.b73e8600-a8ad-4ee9-ac9e-3e6ffe83b49a'",'"url'":'"http://res.cloudinary.com/dmossrfdg/image/upload/v1618562249/projects/yelp/251943.1.b73e8600-a8ad-4ee9-ac9e-3e6ffe83b49a.jpg'"}]","{'"type'":'"Point'",'"coordinates'":[41.6922247,-79.256466]}",19,0,0,Availability is released from ,"Warren, PA 16365",423af4e7-0e71-4a65-9fd2-56a4e66f67af
b8151404-fbfa-435b-a238-ebbad70e600f,2021-04-16 08:37:29.824566,2021-04-16 09:05:32.587776,Big Rock Partners,"[{'"public_id'":'"projects/yelp/233797.0.d89b19e4-b3e8-4150-99f2-28147863a21a'",'"url'":'"http://res.cloudinary.com/dmossrfdg/image/upload/v1618562244/projects/yelp/233797.0.d89b19e4-b3e8-4150-99f2-28147863a21a.jpg'"},{'"public_id'":'"projects/yelp/233797.1.5e72f824-eac0-42e2-86eb-9ff5e56aaf89'",'"url'":'"http://res.cloudinary.com/dmossrfdg/image/upload/v1618562244/projects/yelp/233797.1.5e72f824-eac0-42e2-86eb-9ff5e56aaf89.jpg'"}]","{'"type'":'"Point'",'"coordinates'":['"34.0618108'",'"-118.4015491'"]}",12,0,0,"Big Rock Group Campground is located in beautiful Huntington Canyon, along the Huntington Canyon National Scenic Byway on Utah Highway 31. It is situated at an elevation of 7,600 feet. Many recreational activities are available, including hiking, biking and fishing.","315 S Beverly Dr #404, Beverly Hills, CA 90212",423af4e7-0e71-4a65-9fd2-56a4e66f67af
c58cd352-b0b2-4622-9f95-9dbc48b08fb9,2021-04-16 08:37:29.825764,2021-04-16 09:05:32.588399,Monument Lake Campground,"[{'"public_id'":'"projects/yelp/246894.0.fb78892e-51e9-4315-888f-a556b837ca8a'",'"url'":'"http://res.cloudinary.com/dmossrfdg/image/upload/v1618562249/projects/yelp/246894.0.fb78892e-51e9-4315-888f-a556b837ca8a.jpg'"},{'"public_id'":'"projects/yelp/246894.1.a9d847bb-be00-46aa-a045-ca9d47d5ce66'",'"url'":'"http://res.cloudinary.com/dmossrfdg/image/upload/v1618562249/projects/yelp/246894.1.a9d847bb-be00-46aa-a045-ca9d47d5ce66.jpg'"}]","{'"type'":'"Point'",'"coordinates'":['"25.8688857'",'"-81.1166276'"]}",33,0,0,"Monument Lake Campground is a beautiful place where visitors can enjoy the surrounding preserve while sitting at their picnic table. Visitors may enjoy nearby activities such as fishing, hiking through the preserve, and exploring the many boardwalks. ","50215 Tamiami Trail E, Ochopee, FL 34141",423af4e7-0e71-4a65-9fd2-56a4e66f67af
58e87f5e-90a6-4767-a9f9-cf48455f46c2,2021-04-16 08:37:29.825942,2021-04-16 09:05:32.589,Kellettville Campground,"[{'"public_id'":'"projects/yelp/251946.0.e056d814-6250-40b2-a797-4dda01b18c2b'",'"url'":'"http://res.cloudinary.com/dmossrfdg/image/upload/v1618562249/projects/yelp/251946.0.e056d814-6250-40b2-a797-4dda01b18c2b.jpg'"},{'"public_id'":'"projects/yelp/251946.1.12b7eeb8-5dba-48f0-8bac-38808b603761'",'"url'":'"http://res.cloudinary.com/dmossrfdg/image/upload/v1618562249/projects/yelp/251946.1.12b7eeb8-5dba-48f0-8bac-38808b603761.jpg'"}]","{'"type'":'"Point'",'"coordinates'":['"41.5423651'",'"-79.2596374'"]}",16,0,0,Can be booked through ,"The Branch Rd, Tionesta, PA 16353",423af4e7-0e71-4a65-9fd2-56a4e66f67af
ec41a505-98ca-4270-92b6-3b8df19eb523,2021-04-16 08:37:29.82547,2021-04-16 17:08:58.440435,Whitefish Horse Camp,"[{'"public_id'":'"projects/yelp/232778.0.8f08b6e2-858e-4359-a24d-49c53c568289'",'"url'":'"http://res.cloudinary.com/dmossrfdg/image/upload/v1618562244/projects/yelp/232778.0.8f08b6e2-858e-4359-a24d-49c53c568289.jpg'"},{'"public_id'":'"projects/yelp/232778.1.a42c6b3d-5a49-4775-9754-9ee85ed1bac0'",'"url'":'"http://res.cloudinary.com/dmossrfdg/image/upload/v1618562244/projects/yelp/232778.1.a42c6b3d-5a49-4775-9754-9ee85ed1bac0.jpg'"}]","{'"type'":'"Point'",'"coordinates'":['"43.4731498'",'"-122.0344376'"]}",20,0,0,"Whitefish is a wonderful horse camp located near the shore of Crescent Lake, a popular boating and fishing spot off Hwy. 58 south of Eugene and Bend.","NF-60, Crescent, OR 97733",423af4e7-0e71-4a65-9fd2-56a4e66f67af
13f10168-c313-4efd-b744-e851e607fc1d,2021-04-16 08:37:29.827125,2021-04-16 09:05:32.590674,"Wailers Ski, Snowboard & Social Club","[{'"public_id'":'"projects/yelp/234597.0.c3e1c8d5-1201-4e01-962f-2ebb3d522f98'",'"url'":'"http://res.cloudinary.com/dmossrfdg/image/upload/v1618562244/projects/yelp/234597.0.c3e1c8d5-1201-4e01-962f-2ebb3d522f98.jpg'"},{'"public_id'":'"projects/yelp/234597.1.4fd53a58-1aea-483a-8dc3-8561d6065f47'",'"url'":'"http://res.cloudinary.com/dmossrfdg/image/upload/v1618562245/projects/yelp/234597.1.4fd53a58-1aea-483a-8dc3-8561d6065f47.jpg'"}]","{'"type'":'"Point'",'"coordinates'":['"34.1812062'",'"-118.3110618'"]}",25,0,0,"River Forest is a shaded group camping facility on the shores of the St. Johns River in Ocala National Forest. Located just across the river from Deland, the site is popular for groups, family reunions and weddings and can accommodate up to 125 guests.

","112 N San Fernando Blvd, Burbank, CA 91502",423af4e7-0e71-4a65-9fd2-56a4e66f67af
c204ab75-1e6c-4886-8c2e-35019c86377d,2021-04-16 08:37:29.950375,2021-04-16 09:05:32.591291,Whispering Pine Horse Camp,"[{'"public_id'":'"projects/yelp/251454.0.dcc3443f-8a7a-48b8-b505-f7dc584fa7b1'",'"url'":'"http://res.cloudinary.com/dmossrfdg/image/upload/v1618562249/projects/yelp/251454.0.dcc3443f-8a7a-48b8-b505-f7dc584fa7b1.jpg'"},{'"public_id'":'"projects/yelp/251454.1.427bb43b-85bd-44a8-a4ee-ddab02e42f26'",'"url'":'"http://res.cloudinary.com/dmossrfdg/image/upload/v1618562249/projects/yelp/251454.1.427bb43b-85bd-44a8-a4ee-ddab02e42f26.jpg'"}]","{'"type'":'"Point'",'"coordinates'":['"44.25313'",'"-121.6931387'"]}",32,0,0,Availability is released from ,"Cow Camp Rd, Sisters, OR 97759",423af4e7-0e71-4a65-9fd2-56a4e66f67af
1e25dddd-c623-470a-bc1e-edfbcc4ccd50,2021-04-16 08:37:30.572796,2021-04-16 09:05:32.592897,Huron-Manistee National Forests Supervisors Office,"[{'"public_id'":'"projects/yelp/232184.0.00565315-d000-4fbc-b6b8-a00c04efccce'",'"url'":'"http://res.cloudinary.com/dmossrfdg/image/upload/v1618562250/projects/yelp/232184.0.00565315-d000-4fbc-b6b8-a00c04efccce.jpg'"},{'"public_id'":'"projects/yelp/232184.1.3d40bab2-78f0-4ca3-a497-2e215c406f5b'",'"url'":'"http://res.cloudinary.com/dmossrfdg/image/upload/v1618562250/projects/yelp/232184.1.3d40bab2-78f0-4ca3-a497-2e215c406f5b.jpg'"}]","{'"type'":'"Point'",'"coordinates'":['"44.232618'",'"-85.3974171'"]}",22,0,0,Can be booked through ,"1755 S Mitchell St, Cadillac, MI 49601",423af4e7-0e71-4a65-9fd2-56a4e66f67af
7661787c-709c-4e13-a852-1a6f4a0fc3d2,2021-04-16 08:37:30.758064,2021-04-16 09:05:32.594174,Huron-Manistee National Forests Supervisors Office,"[{'"public_id'":'"projects/yelp/232304.0.4eab8f12-369c-4bfe-9d02-311d0e7148ba'",'"url'":'"http://res.cloudinary.com/dmossrfdg/image/upload/v1618562250/projects/yelp/232304.0.4eab8f12-369c-4bfe-9d02-311d0e7148ba.jpg'"},{'"public_id'":'"projects/yelp/232304.1.a010b659-d7ef-49ad-9fca-4f2252bc9cbe'",'"url'":'"http://res.cloudinary.com/dmossrfdg/image/upload/v1618562250/projects/yelp/232304.1.a010b659-d7ef-49ad-9fca-4f2252bc9cbe.jpg'"}]","{'"type'":'"Point'",'"coordinates'":['"44.232618'",'"-85.3974171'"]}",31,0,0,Availability is released from ,"1755 S Mitchell St, Cadillac, MI 49601",423af4e7-0e71-4a65-9fd2-56a4e66f67af
29c1b545-56cd-45a2-a14f-ddad3a3567a1,2021-04-16 08:37:30.769477,2021-04-16 09:05:32.595199,Hiawatha National Forest,"[{'"public_id'":'"projects/yelp/1081.0.6c3a6d59-d267-4385-9579-4c4df46eaf9e'",'"url'":'"http://res.cloudinary.com/dmossrfdg/image/upload/v1618562250/projects/yelp/1081.0.6c3a6d59-d267-4385-9579-4c4df46eaf9e.jpg'"},{'"public_id'":'"projects/yelp/1081.1.eaa64bd8-440e-4f5d-be71-71b4957204be'",'"url'":'"http://res.cloudinary.com/dmossrfdg/image/upload/v1618562250/projects/yelp/1081.1.eaa64bd8-440e-4f5d-be71-71b4957204be.jpg'"}]","{'"type'":'"Point'",'"coordinates'":['"46.2325682'",'"-86.5103487'"]}",19,0,0,"Located in Michigan''s wild and scenic Upper Peninsula, the Hiawatha National Forest''s dramatic shorelines lie nestled up to Lakes Superior, Huron and Michigan -- three of the five great lakes. Our lake shores, lighthouses, islands and abundant snow create a place of respite and play within a day''s drive of urban and rural areas of Michigan, Wisconsin, other nearby states and international locations.  Check out these feature stories by visiting this webpage: http://www.fs.usda.gov/detail/hiawatha/about-forest/?cid=STELPRD3808864","Manistique, MI 49854",423af4e7-0e71-4a65-9fd2-56a4e66f67af
7575e572-c6b7-40ce-8195-c409d629fdd2,2021-04-16 08:37:30.80821,2021-04-16 09:05:32.596012,Huron-Manistee National Forests Supervisors Office,"[{'"public_id'":'"projects/yelp/232679.0.5199b674-bc01-4235-874a-dceae128c8f5'",'"url'":'"http://res.cloudinary.com/dmossrfdg/image/upload/v1618562250/projects/yelp/232679.0.5199b674-bc01-4235-874a-dceae128c8f5.jpg'"},{'"public_id'":'"projects/yelp/232679.1.9e6b4e08-81d1-4209-ad6f-e06fcb5b0a3e'",'"url'":'"http://res.cloudinary.com/dmossrfdg/image/upload/v1618562250/projects/yelp/232679.1.9e6b4e08-81d1-4209-ad6f-e06fcb5b0a3e.jpg'"}]","{'"type'":'"Point'",'"coordinates'":['"44.232618'",'"-85.3974171'"]}",33,0,0,Can be booked through ,"1755 S Mitchell St, Cadillac, MI 49601",423af4e7-0e71-4a65-9fd2-56a4e66f67af
3615393c-c710-492f-b223-05277de49977,2021-04-16 08:37:30.851559,2021-04-16 09:05:32.596629,Fire Island National Seashore,"[{'"public_id'":'"projects/yelp/2681.0.ee100042-98c4-40a4-93cc-7b14ed0e51db'",'"url'":'"http://res.cloudinary.com/dmossrfdg/image/upload/v1618562250/projects/yelp/2681.0.ee100042-98c4-40a4-93cc-7b14ed0e51db.jpg'"},{'"public_id'":'"projects/yelp/2681.1.2cdf1a09-d9e1-4be4-8056-04873dd85ef0'",'"url'":'"http://res.cloudinary.com/dmossrfdg/image/upload/v1618562250/projects/yelp/2681.1.2cdf1a09-d9e1-4be4-8056-04873dd85ef0.jpg'"}]","{'"type'":'"Point'",'"coordinates'":['"40.6553691'",'"-73.1056194'"]}",38,0,0,"Immerse yourself in an enchanting collage of coastal life and history. Rhythmic waves, high dunes, ancient maritime forests, historic landmarks and glimpses of wildlife, Fire Island has been a special place for diverse plants, animals and people for centuries. Far from the pressure of nearby big-city life, dynamic barrier island beaches offer solitude, camaraderie, and spiritual renewal.","Ocean Beach, NY 11770",423af4e7-0e71-4a65-9fd2-56a4e66f67af
cf1ff592-a27f-44a4-b71d-36427a79f2a5,2021-04-16 08:37:30.862616,2021-04-16 09:05:32.597363,Sleeping Bear Dunes National Lakeshore,"[{'"public_id'":'"projects/yelp/2937.0.9b788914-bea9-4863-b8d4-cd16678f0b82'",'"url'":'"http://res.cloudinary.com/dmossrfdg/image/upload/v1618562250/projects/yelp/2937.0.9b788914-bea9-4863-b8d4-cd16678f0b82.jpg'"},{'"public_id'":'"projects/yelp/2937.1.c38bb3a3-fedf-4974-bc57-a075c5d001e5'",'"url'":'"http://res.cloudinary.com/dmossrfdg/image/upload/v1618562250/projects/yelp/2937.1.c38bb3a3-fedf-4974-bc57-a075c5d001e5.jpg'"}]","{'"type'":'"Point'",'"coordinates'":[44.910767,-86.2816614]}",16,0,0,"Miles of sand beach, bluffs that tower 450’ above Lake Michigan, lush forests, clear inland lakes, unique flora and fauna make up the natural world of Sleeping Bear Dunes. High dunes afford spectacular views across the lake. An island lighthouse, US Life-Saving Service stations, coastal villages, and picturesque farmsteads reflect the park’s rich maritime, agricultural, and recreational history.","Maple City, MI 49664",423af4e7-0e71-4a65-9fd2-56a4e66f67af
42e5aefd-7452-40c6-87c5-b66170dc426b,2021-04-16 08:37:24.93931,2021-04-16 09:05:32.554769,Rochester,"[{'"public_id'":'"projects/yelp/233770.0.49e1aec5-4ecf-4f44-a609-738bae09a56a'",'"url'":'"http://res.cloudinary.com/dmossrfdg/image/upload/v1618562244/projects/yelp/233770.0.49e1aec5-4ecf-4f44-a609-738bae09a56a.jpg'"},{'"public_id'":'"projects/yelp/233770.1.be829abf-5675-4b32-bf84-7e0490e29139'",'"url'":'"http://res.cloudinary.com/dmossrfdg/image/upload/v1618562244/projects/yelp/233770.1.be829abf-5675-4b32-bf84-7e0490e29139.jpg'"}]","{'"type'":'"Point'",'"coordinates'":['"44.5786111'",'"-121.6819109'"]}",24,0,0,Availability is released from ,"Marion Forks, OR 97329",423af4e7-0e71-4a65-9fd2-56a4e66f67af
5ec77c76-c2d0-4cb6-8186-a2f19428461d,2021-04-16 08:37:25.114918,2021-04-16 09:05:32.567262,Rochester,"[{'"public_id'":'"projects/yelp/233255.0.68f54bd7-99e1-4231-985e-84576995ecbd'",'"url'":'"http://res.cloudinary.com/dmossrfdg/image/upload/v1618562244/projects/yelp/233255.0.68f54bd7-99e1-4231-985e-84576995ecbd.jpg'"},{'"public_id'":'"projects/yelp/233255.1.55f1a8b3-7395-4b3b-9618-b8fb56c9c679'",'"url'":'"http://res.cloudinary.com/dmossrfdg/image/upload/v1618562244/projects/yelp/233255.1.55f1a8b3-7395-4b3b-9618-b8fb56c9c679.jpg'"}]","{'"type'":'"Point'",'"coordinates'":['"44.4594423'",'"-83.7757862'"]}",13,0,0,"Rollways Campground is located 7 miles from Hale, Michigan along the beautiful AuSable River. The site was built in 1909 as one of the first campgrounds established in Huron National Forest. The space is small and secluded and features an observation area, picnic grounds and log shelter.. 
","6260 Rollway Rd, Hale, MI 48739",423af4e7-0e71-4a65-9fd2-56a4e66f67af
089fe204-8625-4dee-a5f7-9a14c3c9ffdc,2021-04-16 08:37:25.599977,2021-04-16 09:05:32.577033,Lake Shore Group Campground - Ocala National Forest,"[{'"public_id'":'"projects/yelp/234201.0.fb47f4cb-76ee-4bf9-a59d-cd538374ec38'",'"url'":'"http://res.cloudinary.com/dmossrfdg/image/upload/v1618562244/projects/yelp/234201.0.fb47f4cb-76ee-4bf9-a59d-cd538374ec38.jpg'"},{'"public_id'":'"projects/yelp/234201.1.dc077a1c-3f0e-4b2d-9658-b0398012bde1'",'"url'":'"http://res.cloudinary.com/dmossrfdg/image/upload/v1618562245/projects/yelp/234201.1.dc077a1c-3f0e-4b2d-9658-b0398012bde1.jpg'"}]","{'"type'":'"Point'",'"coordinates'":['"29.2745017'",'"-81.9150469'"]}",38,0,0,Can be booked through ,"8340 N E 147th Avenue Rd, Silver Springs, FL 34488",423af4e7-0e71-4a65-9fd2-56a4e66f67af
665216e7-494f-4a44-b516-bc5ff15295d0,2021-04-16 08:37:29.603486,2021-04-16 09:05:32.582678,Camp Gateway - Staten Island,"[{'"public_id'":'"projects/yelp/234715.0.b08925d6-7431-4ec3-8c55-d116832fa6f4'",'"url'":'"http://res.cloudinary.com/dmossrfdg/image/upload/v1618562249/projects/yelp/234715.0.b08925d6-7431-4ec3-8c55-d116832fa6f4.jpg'"},{'"public_id'":'"projects/yelp/234715.1.8dbe7ff2-da11-456b-b2c6-5990e9e86600'",'"url'":'"http://res.cloudinary.com/dmossrfdg/image/upload/v1618562249/projects/yelp/234715.1.8dbe7ff2-da11-456b-b2c6-5990e9e86600.jpg'"}]","{'"type'":'"Point'",'"coordinates'":['"40.6009771'",'"-73.9798327'"]}",30,0,0,"No advanced reservations available. Check back on Tue, February 15th 2022 to view availability.","210 Ave. S, Brooklyn, NY 11223",423af4e7-0e71-4a65-9fd2-56a4e66f67af
7e7f83dd-eab2-4c91-89dd-3a9d007bcc95,2021-04-16 08:37:30.487502,2021-04-16 09:05:32.59192,Fire Island National Seashore,"[{'"public_id'":'"projects/yelp/2632.0.6728e5b2-a51f-49fc-8af8-b55c4f157a39'",'"url'":'"http://res.cloudinary.com/dmossrfdg/image/upload/v1618562249/projects/yelp/2632.0.6728e5b2-a51f-49fc-8af8-b55c4f157a39.jpg'"},{'"public_id'":'"projects/yelp/2632.1.fa4290d1-b19b-49df-b538-dff72611dd9f'",'"url'":'"http://res.cloudinary.com/dmossrfdg/image/upload/v1618562250/projects/yelp/2632.1.fa4290d1-b19b-49df-b538-dff72611dd9f.jpg'"}]","{'"type'":'"Point'",'"coordinates'":['"40.6553691'",'"-73.1056194'"]}",34,0,0,"Preserving America''s early transportation history, the C&O Canal began as a dream of passage to Western wealth. Operating for nearly 100 years the canal was a lifeline for communities along the Potomac River as coal, lumber, and agricultural products floated down the waterway to market. Today it endures as a pathway for discovering historical, natural, and recreational treasures.","Ocean Beach, NY 11770",423af4e7-0e71-4a65-9fd2-56a4e66f67af
c207f76f-4240-4caa-bb02-332e093b97dd,2021-04-16 08:37:30.604377,2021-04-16 09:05:32.593448,Huron-Manistee National Forests Supervisors Office,"[{'"public_id'":'"projects/yelp/201.0.1d909b22-774b-422f-8071-53afa027151c'",'"url'":'"http://res.cloudinary.com/dmossrfdg/image/upload/v1618562250/projects/yelp/201.0.1d909b22-774b-422f-8071-53afa027151c.jpg'"},{'"public_id'":'"projects/yelp/201.1.11095def-7a5e-4cce-a0bc-f0f757797846'",'"url'":'"http://res.cloudinary.com/dmossrfdg/image/upload/v1618562250/projects/yelp/201.1.11095def-7a5e-4cce-a0bc-f0f757797846.jpg'"}]","{'"type'":'"Point'",'"coordinates'":['"44.232618'",'"-85.3974171'"]}",27,0,0,"Part of the Connecticut River Anadromous Fish Restoration Program, Atlantic salmon are stocked and smallmouth bass and trout fishing is available.  Winhall Brook Campground near South Londonderry features 111 campsites.  Fees apply for some facilities.  Both summer and winter recreation activities are popular with park visitors.  For up-to-date information, call (802) 874-4881.","1755 S Mitchell St, Cadillac, MI 49601",423af4e7-0e71-4a65-9fd2-56a4e66f67af
52f83b36-e557-4f46-9260-f150a53eefa0,2021-04-16 08:37:31.004512,2021-04-16 09:05:32.598995,Huron-Manistee National Forests Supervisors Office,"[{'"public_id'":'"projects/yelp/1082.0.92af0f83-05ff-48c2-8fdb-e94e9f8eafd4'",'"url'":'"http://res.cloudinary.com/dmossrfdg/image/upload/v1618562250/projects/yelp/1082.0.92af0f83-05ff-48c2-8fdb-e94e9f8eafd4.jpg'"},{'"public_id'":'"projects/yelp/1082.1.293076a5-96c2-4a07-ab03-d032866ace26'",'"url'":'"http://res.cloudinary.com/dmossrfdg/image/upload/v1618562250/projects/yelp/1082.1.293076a5-96c2-4a07-ab03-d032866ace26.jpg'"}]","{'"type'":'"Point'",'"coordinates'":['"44.232618'",'"-85.3974171'"]}",39,0,0,"Lying between the shores of Lake Michigan and Lake Huron in the northern half of the Lower Peninsula of Michigan, is the nearly one-million-acre Huron-Manistee National Forests.","1755 S Mitchell St, Cadillac, MI 49601",423af4e7-0e71-4a65-9fd2-56a4e66f67af
a05a7fa0-2fd1-45e5-b595-e8d766e3a31b,2021-04-16 08:37:31.310487,2021-04-16 09:05:32.599665,Hiawatha National Forest,"[{'"public_id'":'"projects/yelp/232593.0.d903c1f3-5e05-40c1-8248-f4f36f3dbb58'",'"url'":'"http://res.cloudinary.com/dmossrfdg/image/upload/v1618562250/projects/yelp/232593.0.d903c1f3-5e05-40c1-8248-f4f36f3dbb58.jpg'"},{'"public_id'":'"projects/yelp/232593.1.77d4001f-ef8c-4b9f-ae98-3a5395f813aa'",'"url'":'"http://res.cloudinary.com/dmossrfdg/image/upload/v1618562250/projects/yelp/232593.1.77d4001f-ef8c-4b9f-ae98-3a5395f813aa.jpg'"}]","{'"type'":'"Point'",'"coordinates'":['"46.2325682'",'"-86.5103487'"]}",33,0,0,Can be booked through ,"Manistique, MI 49854",423af4e7-0e71-4a65-9fd2-56a4e66f67af
2b00c66b-2df1-4f7c-85da-16cbc5f447f8,2021-04-16 08:37:30.980893,2021-04-16 09:05:32.598372,Huron-Manistee National Forests Supervisors Office,"[{'"public_id'":'"projects/yelp/232412.0.0d8e4854-416f-4c95-a7b1-16342d598fad'",'"url'":'"http://res.cloudinary.com/dmossrfdg/image/upload/v1618562250/projects/yelp/232412.0.0d8e4854-416f-4c95-a7b1-16342d598fad.jpg'"},{'"public_id'":'"projects/yelp/232412.1.d982c041-5461-4999-9ab4-d8a102ee99be'",'"url'":'"http://res.cloudinary.com/dmossrfdg/image/upload/v1618562250/projects/yelp/232412.1.d982c041-5461-4999-9ab4-d8a102ee99be.jpg'"}]","{'"type'":'"Point'",'"coordinates'":['"44.232618'",'"-85.3974171'"]}",32,0,0,"Forks of Huntington Campground is located in beautiful Huntington Canyon, along the Huntington Canyon National Scenic Byway on Utah Highway 31. It is situated at an elevation of 7,600 feet. Many recreational activities are available, including hiking, biking and fishing.","1755 S Mitchell St, Cadillac, MI 49601",423af4e7-0e71-4a65-9fd2-56a4e66f67af
